Package products,Relationships
FFFFD1778-48,FFFFD1778-24LS
FFFFD1778-48,FFFFD1778-24RS
FFFFD1933-60S,FFFFD1933-28RS
FFFFD1933-60S,FFFFD1933-28LS
FFFFD1933-60S,FFFFD1933-28GTK
FFFFD1933-32RS,FFFFD1933-28RS
FFFFD1933-32RS,FFFFD1933-28GTKS
FFFFD1933-32LS,FFFFD1933-28LS
FFFFD1933-32LS,FFFFD1933-28GTKS
FFFFD1722-60S,FFFFD1722-28LS
FFFFD1722-60S,FFFFD1722-28RS
FFFFD1722-60S,F1722-60MTK
FFFFD1722-32RS,FFFFD1722-28RS
FFFFD1722-32RS,F1722-32MTKS
FFFFD1722-32LS,FFFFD1722-28LS
FFFFD1722-32LS,F1722-32MTKS
FFFFD1722-60MG-WHT,FFFFD1722-28WHT-LS
FFFFD1722-60MG-WHT,FFFFD1722-28WHT-RS
FFFFD1722-60MG-WHT,F1722-60MTK
FFFFD1722-60SG,FFFFD1722-28LS
FFFFD1722-60SG,FFFFD1722-28RS
FFFFD1722-60SG,F1722-60GTK
FFFFD1787-60S,FFFFD1785-31S
FFFFD1787-60S,FFFFD1786-31S
FFFFD1787-60BLK,FFFFD1785-31BLK
FFFFD1787-60BLK,FFFFD1786-31BLK
FFFFD1787-60WHT,FFFFD1785-31WHT
FFFFD1787-60WHT,FFFFD1786-31WHT
FFRBI1820-40SG,FFRBI1820-36SB
FFRBI1820-40SG,FFRBI1820-36GTK
FFRBI1820-40MG,FFRBI1820-36SB
FFRBI1820-40MG,F1820-40MTKS
FFRBI1805-37SG,FFRBI1805-33SB
FFRBI1805-37SG,F1805-33GTKS
FFRBI1805-37MG,FFRBI1805-33SB
FFRBI1805-37MG,F1805-37MTKS
FFRBI1844-40MG,FFRBI1844-36SB
FFRBI1844-40MG,F1844-40MTKS
FFRBI1844-40SG,FFRBI1844-36SB
FFRBI1844-40SG,FFRBI1844-36GTK
FFFFD1974-35SG,FFFFD1974-31SB
FFFFD1974-35SG,FFFFD1974-31GTK
FODKT2568BLK,FODKT2568BLK-1
FODKT2568BLK,FODKT2568BLK-2
FODKT2568BLK,FODKT2568BLK-3
FODKT2568BLK,FODKT2568BLK-4
FODKT2551BLK,FODKT2551BLK-1
FODKT2551BLK,FODKT2551BLK-2
FODKT2551BLK,FODKT2551BLK-3
FODKT2582BLK,FODKT2582BLK-1
FODKT2582BLK,FODKT2582BLK-2
FFSGS6260-30WHT,FFSGS6260-30
FFSGS6260-30WHT,FCD-WHT-30
FFSGS6260-36WHT,FFSGS6260-36
FFSGS6260-36WHT,FCD-WHT-36
FFSGS6260-36RED,FFSGS6260-36
FFSGS6260-36RED,FCD-RED-36
FFSGS6260-48BLK,FFSGS6260-48
FFSGS6260-48BLK,FCD-BLK-48
FFSGS6260-48BLU,FFSGS6260-48
FFSGS6260-48BLU,FCD-BLU-48
FFSGS6156-48RED,FFSGS6156-48
FFSGS6156-48RED,FCD-RED-48
FFSGS6187-30WHT,FFSGS6187-30
FFSGS6187-30WHT,FCD-WHT-30
FFSGS6187-30BLK,FFSGS6187-30
FFSGS6187-30BLK,FCD-BLK-30
FFSGS6187-36BLK,FFSGS6187-36
FFSGS6187-36BLK,FCD-BLK-36
FFSGS6187-36WHT,FFSGS6187-36
FFSGS6187-36WHT,FCD-WHT-36
FFSGS6187-48BLK,FFSGS6187-48
FFSGS6187-48BLK,FCD-BLK-48
FFSGS6187-48WHT,FFSGS6187-48
FFSGS6187-48WHT,FCD-WHT-48
FODKT2544BLK,FODKT2544BLK-1
FODKT2544BLK,FODKT2544BLK-2
FODKT2544BLK,FODKT2544BLK-3
